{
    "Demography": {
        "SID": "1",
        "Pop_2010": 28,
        "Pop_2015": 24.528848441539903,
        "Pop_2020": 26.94933666393089,
        "Pop_2025": 29.319249176676003,
        "Pop_Gro_Rat_2010": "-",
        "Pop_Gro_Rat_2015": 2.2,
        "Pop_Gro_Rat_2020": 1.9,
        "Pop_Gro_Rat_2025": 1.7,
        "Hou_1_2010_Pop": 40,
        "Hou_1_2015_Pop": 44,
        "Hou_1_2020_Pop": 45,
        "Hou_1_2025_Pop": 45,
        "Hou_1_2010_Cap": 5.7,
        "Hou_1_2015_Cap": 5.4,
        "Hou_1_2020_Cap": 5,
        "Hou_1_2025_Cap": 4.5,
        "Hou_1_2010_NH": 1.5438596491228072,
        "Hou_1_2015_NH": 1.9986469100513995,
        "Hou_1_2020_NH": 2.42544029975378,
        "Hou_1_2025_NH": 2.9319249176676,
        "Hou_2_2010_Pop": 60,
        "Hou_2_2015_Pop": 56,
        "Hou_2_2020_Pop": 55,
        "Hou_2_2025_Pop": 55,
        "Hou_2_2010_Cap": "",
        "Hou_2_2015_Cap": "",
        "Hou_2_2020_Cap": "",
        "Hou_2_2025_Cap": "",
        "Hou_2_2010_NH": 0,
        "Hou_2_2015_NH": 0,
        "Hou_2_2020_NH": 0,
        "Hou_2_2025_NH": 0,
        "POL_2010": 49.4,
        "POL_2015": 49.55,
        "POL_2020": 49.65,
        "POL_2025": 49.7,
        "PAL_2010": 45,
        "PAL_2015": 49,
        "PAL_2020": 54,
        "PAL_2025": 60,
        "ALF_2010": 4.8906,
        "ALF_2015": 5.955481757363681,
        "ALF_2020": 7.225386652966511,
        "ALF_2025": 8.743000104484784,
        "SLP_2010": 24,
        "SLP_2015": 25,
        "SLP_2020": 26,
        "SLP_2025": 27,
        "PLC_2010": 5.279999999999999,
        "PLC_2015": 6.132212110384976,
        "PLC_2020": 7.006827532622031,
        "PLC_2025": 7.916197277702521
    },
    "GDP": {
        "SID": "1",
        "GDP_2010": 54.1309230841,
        "GDP_2015": 67.780357594293,
        "GDP_2020": 84.063283422393,
        "GDP_2025": 103.26304894934,
        "GR_2010": "-",
        "GR_2015": 4.6,
        "GR_2020": 4.4,
        "GR_2025": 4.2,
        "CAP_2010": 2229.8680210473,
        "CAP_2015": 2516.569167961,
        "CAP_2020": 2840.7985968933,
        "CAP_2025": 3207.5562040721,
        "Agr_2010": 21.5,
        "Agr_2015": 19.4,
        "Agr_2020": 17.4,
        "Agr_2025": 15.5,
        "Cst_2010": 2.3,
        "Cst_2015": 2.3,
        "Cst_2020": 2.3,
        "Cst_2025": 2.2,
        "Min_2010": 5.1,
        "Min_2015": 4.8,
        "Min_2020": 4.3,
        "Min_2025": 3.8,
        "Man_2010": 15.2,
        "Man_2015": 16.1,
        "Man_2020": 16.8,
        "Man_2025": 16.9,
        "Ene_2010": 5.9,
        "Ene_2015": 5.6,
        "Ene_2020": 5,
        "Ene_2025": 4.3,
        "Ser_2010": 50,
        "Ser_2015": 51.8,
        "Ser_2020": 54.2,
        "Ser_2025": 57.3,
        "MT_2010": 100,
        "MT_2015": 100,
        "MT_2020": 100,
        "MT_2025": 100,
        "Agr_1_2010": 100,
        "Agr_1_2015": 100,
        "Agr_1_2020": 100,
        "Agr_1_2025": 100,
        "AgrT2010": 100,
        "AgrT2015": 100,
        "AgrT2020": 100,
        "AgrT2025": 100,
        "Cst_1_2010": 100,
        "Cst_1_2015": 100,
        "Cst_1_2020": 100,
        "Cst_1_2025": 100,
        "CstT2010": 100,
        "CstT2015": 100,
        "CstT2020": 100,
        "CstT2025": 100,
        "Min_1_2010": 15,
        "Min_1_2015": 35,
        "Min_1_2020": 35,
        "Min_1_2025": 35,
        "Min_5_2010": 85,
        "Min_5_2015": 40,
        "Min_5_2020": 40,
        "Min_5_2025": 40,
        "MinT2010": 100,
        "MinT2015": 100,
        "MinT2020": 100,
        "MinT2025": 100,
        "Man_1_2010": 100,
        "Man_1_2015": 100,
        "Man_1_2020": 100,
        "Man_1_2025": 100,
        "ManT2010": 100,
        "ManT2015": 100,
        "ManT2020": 100,
        "ManT2025": 100,
        "Ene_1_2010": 100,
        "Ene_1_2015": 100,
        "Ene_1_2020": 100,
        "Ene_1_2025": 100,
        "EneT2010": 100,
        "EneT2015": 100,
        "EneT2020": 100,
        "EneT2025": 100,
        "Ser_1_2010": 16.5,
        "Ser_1_2015": 18,
        "Ser_1_2020": 19,
        "Ser_1_2025": 19.5,
        "Ser_7_2010": 33.5,
        "Ser_7_2015": 34,
        "Ser_7_2020": 34.5,
        "Ser_7_2025": 35,
        "Ser_8_2010": 7,
        "Ser_8_2015": 7.5,
        "Ser_8_2020": 8.1,
        "Ser_8_2025": 9,
        "Ser_9_2010": 43,
        "Ser_9_2015": 40.5,
        "Ser_9_2020": 38.4,
        "Ser_9_2025": 36.5,
        "SerT2010": 100,
        "SerT2015": 100,
        "SerT2020": 100,
        "SerT2025": 100
    }
}